{
  "ds01": {
    "algorithm": "KMeans",
    "params": {
      "n_clusters": 2,
      "random_state": 42
    },
    "silhouette": 0.5216395622404242,
    "davies_bouldin": 0.6853295219054456,
    "calinski_harabasz": 11786.954622671532
  },
  "ds02": {
    "algorithm": "Agglomerative",
    "params": {
      "n_clusters": 2,
      "linkage": "single"
    },
    "silhouette": 0.5213161442555723,
    "davies_bouldin": 0.34186056281280663,
    "calinski_harabasz": 7.1843301105428035
  },
  "ds03": {
    "algorithm": "DBSCAN",
    "params": {
      "eps": 0.7631578947368421,
      "min_samples": 2
    },
    "silhouette": 0.3727038608093161,
    "davies_bouldin": 0.550978334942559,
    "calinski_harabasz": 17.205902165451057,
    "noise_ratio": 0.0017333333333333333,
    "n_clusters": 2
  }
}