{
  "ds01": {
    "KMeans": {
      "silhouette": 0.5216395622404242,
      "davies_bouldin": 0.6853295219054456,
      "calinski_harabasz": 11786.954622671532
    },
    "DBSCAN": {
      "silhouette": 0.5216395622404242,
      "davies_bouldin": 0.6853295219054456,
      "calinski_harabasz": 11786.954622671532,
      "noise_ratio": 0.0,
      "n_clusters": 2
    }
  },
  "ds02": {
    "KMeans": {
      "silhouette": 0.3068610017701601,
      "davies_bouldin": 1.3234721699867644,
      "calinski_harabasz": 3573.3933329348392
    },
    "Agglomerative": {
      "silhouette": 0.5213161442555723,
      "davies_bouldin": 0.34186056281280663,
      "calinski_harabasz": 7.1843301105428035
    }
  },
  "ds03": {
    "KMeans": {
      "silhouette": 0.3155447003782518,
      "davies_bouldin": 1.1577256320598661,
      "calinski_harabasz": 6957.162639510167
    },
    "DBSCAN": {
      "silhouette": 0.3727038608093161,
      "davies_bouldin": 0.550978334942559,
      "calinski_harabasz": 17.205902165451057,
      "noise_ratio": 0.0017333333333333333,
      "n_clusters": 2
    }
  }
}